{
  "build": {
    "arduino": {
      "ldscript": "eagle.flash.2m1m.ld"
    },
    "core": "esp8266",
    "extra_flags": "-DESP8266 -DARDUINO_ARCH_ESP8266 -DARDUINO_ESP8266_AGRUMINO_LEMON_V4",
    "f_cpu": "80000000L",
    "f_flash": "40000000L",
    "flash_mode": "dio",
    "mcu": "esp8266",
    "variant": "agruminolemonv4"
  },
  "connectivity": [
    "wifi"
  ],
  "frameworks": [
    "arduino",
    "esp8266-rtos-sdk",
    "esp8266-nonos-sdk"
  ],
  "name": "Lifely Agrumino Lemon v4",
  "upload": {
    "maximum_ram_size": 81920,
    "maximum_size": 2097152,
    "require_upload_port": true,
    "resetmethod": "nodemcu",
    "speed": 115200
  },
  "url": "https://www.lifely.cc/",
  "vendor": "Lifely.cc"
}
