{
  "build": {
    "arduino": {
      "ldscript": "eagle.flash.1m64.ld"
    },
    "core": "esp8266",
    "extra_flags": "-DESP8266 -DARDUINO_ARCH_ESP8266 -DARDUINO_ESP8266_WEMOS_D1MINILITE",
    "f_cpu": "80000000L",
    "f_flash": "40000000L",
    "flash_mode": "dout",
    "mcu": "esp8266",
    "variant": "d1_mini"
  },
  "connectivity": [
    "wifi"
  ],
  "frameworks": [
    "arduino"
  ],
  "name": "WeMos D1 mini Lite",
  "upload": {
    "maximum_ram_size": 81920,
    "maximum_size": 1048576,
    "require_upload_port": true,
    "resetmethod": "nodemcu",
    "speed": 115200
  },
  "url": "https://wiki.wemos.cc/products:d1:d1_mini_lite",
  "vendor": "WEMOS"
}
