{
  "build": {
    "arduino": {
      "ldscript": "eagle.flash.1m256.ld"
    },
    "core": "esp8266",
    "extra_flags": [
      "-DESP8266",
      "-DARDUINO_ARCH_ESP8266",
      "-DARDUINO_ESP8266_ESP01",
      "-DLED_BUILTIN=16"
    ],
    "f_cpu": "80000000L",
    "f_flash": "40000000L",
    "flash_mode": "dout",
    "mcu": "esp8266",
    "variant": "esp8285"
  },
  "connectivity": [
    "wifi"
  ],
  "frameworks": [
    "arduino",
    "esp8266-rtos-sdk",
    "esp8266-nonos-sdk"
  ],
  "name": "ESP-Mx DevKit (ESP8285)",
  "upload": {
    "maximum_ram_size": 81920,
    "maximum_size": 1048576,
    "require_upload_port": true,
    "resetmethod": "ck",
    "speed": 115200
  },
  "url": "https://arduino-esp8266.readthedocs.io/en/latest/boards.html#doit-esp-mx-devkit-esp8285",
  "vendor": "Doit"
}
