{
  "build": {
    "arduino": {
      "ldscript": "eagle.flash.4m1m.ld"
    },
    "core": "esp8266",
    "extra_flags": "-DESP8266 -DARDUINO_ARCH_ESP8266 -DARDUINO_ESP8266_THING",
    "f_cpu": "80000000L",
    "f_flash": "40000000L",
    "flash_mode": "qio",
    "mcu": "esp8266",
    "variant": "thing"
  },
  "connectivity": [
    "wifi"
  ],
  "frameworks": [
    "arduino",
    "esp8266-rtos-sdk",
    "esp8266-nonos-sdk"
  ],
  "name": "SparkFun Blynk Board",
  "upload": {
    "maximum_ram_size": 81920,
    "maximum_size": 4194304,
    "require_upload_port": true,
    "resetmethod": "nodemcu",
    "speed": 115200
  },
  "url": "https://www.sparkfun.com/products/13794",
  "vendor": "SparkFun"
}
